-- phpMyAdmin SQL Dump
-- version 3.5.8.2
-- http://www.phpmyadmin.net
--
-- Client: sql101.byetcluster.com
-- Généré le: Jeu 20 Juin 2019 à 11:33
-- Version du serveur: 5.6.21-69.0
-- Version de PHP: 5.3.3

SET SQL_MODE="NO_AUTO_VALUE_ON_ZERO";
SET time_zone = "+00:00";


/*!40101 SET @OLD_CHARACTER_SET_CLIENT=@@CHARACTER_SET_CLIENT */;
/*!40101 SET @OLD_CHARACTER_SET_RESULTS=@@CHARACTER_SET_RESULTS */;
/*!40101 SET @OLD_COLLATION_CONNECTION=@@COLLATION_CONNECTION */;
/*!40101 SET NAMES utf8 */;

--
-- Base de données: `hkda_23446369_confV2`
--

-- --------------------------------------------------------

--
-- Structure de la table `categories`
--

CREATE TABLE IF NOT EXISTS `categories` (
  `id` tinyint(3) unsigned NOT NULL AUTO_INCREMENT,
  `category` varchar(191) COLLATE utf8mb4_unicode_ci NOT NULL,
  `catArab` varchar(191) COLLATE utf8mb4_unicode_ci NOT NULL,
  `color` varchar(191) COLLATE utf8mb4_unicode_ci NOT NULL,
  PRIMARY KEY (`id`)
) ENGINE=MyISAM  DEFAULT CHARSET=utf8mb4 COLLATE=utf8mb4_unicode_ci AUTO_INCREMENT=12 ;

--
-- Contenu de la table `categories`
--

INSERT INTO `categories` (`id`, `category`, `catArab`, `color`) VALUES
(3, 'dream', 'حلم', '#f1c40f'),
(4, 'fantasy', 'خيال', '#9b59b6'),
(5, 'firstExperience', 'أول تجربة', '#1abc9c'),
(6, 'regret', 'ندم', '#3d3d3d'),
(7, 'hardExp', 'تجربة قاسية', '#95a5a6'),
(8, 'pain', 'ألم', '#c0392b'),
(9, 'randomFel', 'مشاعر مبعثرة', '#34495e'),
(10, 'real', 'حقيقة', '#6F1E51'),
(11, 'other', 'أخرى', '#12CBC4');

-- --------------------------------------------------------

--
-- Structure de la table `comments`
--

CREATE TABLE IF NOT EXISTS `comments` (
  `id` bigint(20) unsigned NOT NULL AUTO_INCREMENT,
  `idPost` bigint(20) unsigned NOT NULL,
  `idUser` bigint(20) unsigned NOT NULL,
  `comment` text COLLATE utf8mb4_unicode_ci NOT NULL,
  `created_at` timestamp NULL DEFAULT NULL,
  `updated_at` timestamp NULL DEFAULT NULL,
  PRIMARY KEY (`id`),
  KEY `comments_idpost_foreign` (`idPost`),
  KEY `comments_iduser_foreign` (`idUser`)
) ENGINE=MyISAM  DEFAULT CHARSET=utf8mb4 COLLATE=utf8mb4_unicode_ci AUTO_INCREMENT=27 ;

--
-- Contenu de la table `comments`
--

INSERT INTO `comments` (`id`, `idPost`, `idUser`, `comment`, `created_at`, `updated_at`) VALUES
(1, 4, 1, 'vvvvvv', '2019-04-18 01:32:03', '2019-04-18 01:32:03'),
(2, 4, 1, 'kkkkkk', '2019-04-20 17:26:45', '2019-04-20 17:26:45'),
(3, 9, 2, 'ccccccc', '2019-04-20 18:40:19', '2019-04-20 18:40:19'),
(4, 14, 2, 'hello from the other side', '2019-04-20 21:22:10', '2019-04-20 21:22:10'),
(5, 14, 2, 'vvvvvv', '2019-04-21 19:11:46', '2019-04-21 19:11:46'),
(6, 14, 2, 'hahahaha', '2019-04-21 19:13:20', '2019-04-21 19:13:20'),
(7, 16, 2, 'vvvvvvv', '2019-04-21 19:41:53', '2019-04-21 19:41:53'),
(8, 33, 2, 'vvvvvvvvvv', '2019-04-21 20:18:00', '2019-04-21 20:18:00'),
(9, 18, 2, 'hhhhhh', '2019-04-21 20:26:17', '2019-04-21 20:26:17'),
(10, 19, 2, 'ddddddd', '2019-04-22 01:40:15', '2019-04-22 01:40:15'),
(11, 19, 2, 'aaaaaa', '2019-04-22 01:40:30', '2019-04-22 01:40:30'),
(12, 19, 2, 'vvvvvvv', '2019-04-22 23:45:25', '2019-04-22 23:45:25'),
(13, 19, 2, 'aaaaaaa', '2019-04-22 23:46:57', '2019-04-22 23:46:57'),
(14, 19, 2, 'aa', '2019-04-23 00:43:43', '2019-04-23 00:43:43'),
(15, 12, 2, 'kkkkk', '2019-04-28 16:37:58', '2019-04-28 16:37:58'),
(16, 19, 5, 'sdsdc', '2019-04-28 19:54:52', '2019-04-28 19:54:52'),
(17, 22, 5, 'hahaha', '2019-04-28 21:12:26', '2019-04-28 21:12:26'),
(18, 20, 10, 'hahaha', '2019-05-03 02:08:47', '2019-05-03 02:08:47'),
(19, 19, 14, 'teeest', '2019-05-03 18:07:09', '2019-05-03 18:07:09'),
(20, 19, 14, 'ffffffff', '2019-05-03 18:16:22', '2019-05-03 18:16:22'),
(21, 19, 16, 'hhhhh', '2019-05-04 17:13:31', '2019-05-04 17:13:31'),
(22, 65, 16, 'hhhhh', '2019-05-04 17:28:38', '2019-05-04 17:28:38'),
(23, 22, 16, 'hhhh', '2019-05-04 18:23:36', '2019-05-04 18:23:36'),
(24, 65, 17, 'test', '2019-05-04 18:32:34', '2019-05-04 18:32:34'),
(25, 65, 23, 'cccc', '2019-05-06 01:33:04', '2019-05-06 01:33:04'),
(26, 89, 30, 'Test', '2019-05-24 02:46:22', '2019-05-24 02:46:22');

-- --------------------------------------------------------

--
-- Structure de la table `likes`
--

CREATE TABLE IF NOT EXISTS `likes` (
  `idPost` bigint(20) unsigned NOT NULL,
  `idUser` bigint(20) unsigned NOT NULL,
  PRIMARY KEY (`idPost`,`idUser`),
  KEY `likes_iduser_foreign` (`idUser`)
) ENGINE=MyISAM DEFAULT CHARSET=utf8mb4 COLLATE=utf8mb4_unicode_ci;

--
-- Contenu de la table `likes`
--

INSERT INTO `likes` (`idPost`, `idUser`) VALUES
(4, 1),
(5, 1),
(8, 1),
(9, 2),
(10, 2),
(11, 2),
(12, 2),
(13, 2),
(14, 2),
(15, 2),
(16, 2),
(19, 2),
(19, 5),
(19, 6),
(19, 7),
(19, 14),
(20, 5),
(21, 5),
(21, 10),
(22, 5),
(22, 16),
(23, 2),
(24, 2),
(24, 5),
(27, 2),
(28, 2),
(29, 2),
(58, 2),
(64, 14),
(65, 16),
(65, 17),
(65, 19),
(65, 20),
(65, 23),
(70, 30),
(83, 26),
(89, 23),
(89, 30);

-- --------------------------------------------------------

--
-- Structure de la table `migrations`
--

CREATE TABLE IF NOT EXISTS `migrations` (
  `id` int(10) unsigned NOT NULL AUTO_INCREMENT,
  `migration` varchar(191) COLLATE utf8mb4_unicode_ci NOT NULL,
  `batch` int(11) NOT NULL,
  PRIMARY KEY (`id`)
) ENGINE=MyISAM  DEFAULT CHARSET=utf8mb4 COLLATE=utf8mb4_unicode_ci AUTO_INCREMENT=8 ;

--
-- Contenu de la table `migrations`
--

INSERT INTO `migrations` (`id`, `migration`, `batch`) VALUES
(1, '2014_10_12_000000_create_users_table', 1),
(2, '2018_11_26_152636_categories', 1),
(3, '2018_11_26_165123_posts', 1),
(4, '2018_11_26_165201_likes', 1),
(5, '2018_11_26_165214_comments', 1),
(6, '2018_11_26_165226_shares', 1),
(7, '2018_11_26_165240_views', 1);

-- --------------------------------------------------------

--
-- Structure de la table `posts`
--

CREATE TABLE IF NOT EXISTS `posts` (
  `id` bigint(20) unsigned NOT NULL AUTO_INCREMENT,
  `idUser` bigint(20) unsigned NOT NULL,
  `idCategory` tinyint(3) unsigned NOT NULL,
  `post` longtext COLLATE utf8mb4_unicode_ci NOT NULL,
  `deleted_at` timestamp NULL DEFAULT NULL,
  `created_at` timestamp NULL DEFAULT NULL,
  `updated_at` timestamp NULL DEFAULT NULL,
  PRIMARY KEY (`id`),
  KEY `posts_iduser_foreign` (`idUser`),
  KEY `posts_idcategory_foreign` (`idCategory`)
) ENGINE=MyISAM  DEFAULT CHARSET=utf8mb4 COLLATE=utf8mb4_unicode_ci AUTO_INCREMENT=90 ;

--
-- Contenu de la table `posts`
--

INSERT INTO `posts` (`id`, `idUser`, `idCategory`, `post`, `deleted_at`, `created_at`, `updated_at`) VALUES
(80, 23, 10, '\r\nعن كانت التحالف دنو, عقبت يتسنّى بالمطالبة مدن قد. ان يتم شمال الوراء بريطانيا-فرنسا. بل بين المسرح الشتوية. قد تعد جنوب الأمم الدنمارك, ثم زهاء جديدة لفرنسا جعل. هنا؟ أمّا يكن عن, عجّل قتيل، به، أي. بأيدي سليمان، لبولندا، قام إذ, مع سياسة العالم، لإنعدام عرض.\r\n\r\nأن مدن إختار مواقعها بمحاولة, به، تم الهجوم اقتصادية الإتفاقية. أملاً ميناء الباهضة تلك من, هذه أعمال رجوعهم الأمريكي ان. جنوب التقليدية بل يتم, بشكل حصدت بمحاولة تلك هو. لكون ويعزى من لكل, إذ هامش ومضى الأثناء، عرض. هو الا جدول وجهان, ضرب ماذا بقسوة مواقعها عن. سكان الحدود الهجوم بال إذ.\r\n\r\nتكتيكاً الإكتفاء كما في. أخر وصغار القادة و, في ولم حاول قررت ممثّلة. أم دار جسيمة يتبقّ والنفيس. من ذات بشرية إعلان. ان فكانت ويعزى وهولندا، نفس, أضف من مرجع الحكومة الفرنسية, لم إعادة بالإنزال كما. بل أكثر الأول والنرويج شيء, كلّ جديداً وسمّيت الإثنان لم.\r\n\r\nكان من نقطة ووصف الإقتصادي. عقبت الآلاف وبريطانيا أسر بل, ماشاء أوزار جهة ما. وتتحمّل الأراضي التحالف ان قام. ان كان معقل تكبّد الثانية, كان لأداء واقتصار ٣٠.', NULL, '2019-05-06 03:14:07', '2019-05-06 03:14:07'),
(79, 23, 9, '\r\nعل أمام والفلبين وبريطانيا على, أكثر الجنوب غير هو. عل انه جيما تكتيكاً إستيلاء, بل قام أفاق ايطاليا،, هُزم الأوضاع تشيكوسلوفاكيا عدم و. وسفن السيء المبرمة جُل أن. بين أكثر إحتار وقامت قد, وتم عل ويتّفق تزامناً, بل تحت جورج لأداء.\r\n\r\nقد هذه حلّت ٠٨٠٤, للصين كانتا يونيو في كما. قد على كانت أوزار المؤلّفة, بين أي دارت شواطيء بالمطالبة, تم الى قررت بشرية اتفاقية. بقسوة وفرنسا فقد أم, شمال والقرى وإيطالي تحت إذ. حول الأحمر الباهضة الولايات عل, قام مع فسقط الإحتفاظ. هو كلّ اللا يتعلّق. بقعة المسرح للسيطرة بـ دار, كلّ عن اتّجة الولايات.\r\n\r\nتم أمّا أخرى جسيمة حين, جهة وانهاء التقليدي هو. في عشوائية للإتحاد اقتصادية كلا. أي عدم قادة المنتصر تزامناً, لان الخاصّة الشهيرة الوزراء أن. نفس ٣٠ وحتى تطوير الصعداء. لفرنسا اليابان والفلبين إذ حدى. وكسبت الحكومة تشيكوسلوفاكيا ان جعل, في بعد قامت وانتهاءً.\r\n\r\nعن كانت التحالف دنو, عقبت يتسنّى بالمطالبة مدن قد. ان يتم شمال الوراء بريطانيا-فرنسا. بل بين المسرح الشتوية. قد تعد جنوب الأمم الدنمارك, ثم زهاء جديدة لفرنسا جعل. هنا؟ أمّا يكن عن, عجّل قتيل، به، أي. بأيدي سليمان، لبولندا، قام إذ, مع سياسة العالم، لإنعدام عرض.', NULL, '2019-05-06 03:13:56', '2019-05-06 03:13:56'),
(78, 23, 8, 'لفرنسا المشترك التقليدية غير تم, أم تلك ومضى للصين, حكومة المجتمع باستخدام من فصل. كل أضف رئيس ألمّ, ان ومن ٢٠٠٤ السيطرة الدّفاع. ان أمّا عليها معاملة أخذ, تم دار رئيس يتمكن, ثم دار قررت إنطلاق رجوعهم. بل عرض عجّل تسمّى, مرمى أمّا الأوروبيّون ضرب تم.\r\n\r\nعل أمام والفلبين وبريطانيا على, أكثر الجنوب غير هو. عل انه جيما تكتيكاً إستيلاء, بل قام أفاق ايطاليا،, هُزم الأوضاع تشيكوسلوفاكيا عدم و. وسفن السيء المبرمة جُل أن. بين أكثر إحتار وقامت قد, وتم عل ويتّفق تزامناً, بل تحت جورج لأداء.\r\n\r\nقد هذه حلّت ٠٨٠٤, للصين كانتا يونيو في كما. قد على كانت أوزار المؤلّفة, بين أي دارت شواطيء بالمطالبة, تم الى قررت بشرية اتفاقية. بقسوة وفرنسا فقد أم, شمال والقرى وإيطالي تحت إذ. حول الأحمر الباهضة الولايات عل, قام مع فسقط الإحتفاظ. هو كلّ اللا يتعلّق. بقعة المسرح للسيطرة بـ دار, كلّ عن اتّجة الولايات.\r\n\r\nتم أمّا أخرى جسيمة حين, جهة وانهاء التقليدي هو. في عشوائية للإتحاد اقتصادية كلا. أي عدم قادة المنتصر تزامناً, لان الخاصّة الشهيرة الوزراء أن. نفس ٣٠ وحتى تطوير الصعداء. لفرنسا اليابان والفلبين إذ حدى. وكسبت الحكومة تشيكوسلوفاكيا ان جعل, في بعد قامت وانتهاءً.\r\n\r\nعن كانت التحالف دنو, عقبت يتسنّى بالمطالبة مدن قد. ان يتم شمال الوراء بريطانيا-فرنسا. بل بين المسرح الشتوية. قد تعد جنوب الأمم الدنمارك, ثم زهاء جديدة لفرنسا جعل. هنا؟ أمّا يكن عن, عجّل قتيل، به، أي. بأيدي سليمان، لبولندا، قام إذ, مع سياسة العالم، لإنعدام عرض.\r\n\r\nأن مدن إختار مواقعها بمحاولة, به، تم الهجوم اقتصادية الإتفاقية. أملاً ميناء الباهضة تلك من, هذه أعمال رجوعهم الأمريكي ان. جنوب التقليدية بل يتم, بشكل حصدت بمحاولة تلك هو. لكون ويعزى من لكل, إذ هامش ومضى الأثناء، عرض. هو الا جدول وجهان, ضرب ماذا بقسوة مواقعها عن. سكان الحدود الهجوم بال إذ.\r\n\r\nتكتيكاً الإكتفاء كما في. أخر وصغار القادة و, في ولم حاول قررت ممثّلة. أم دار جسيمة يتبقّ والنفيس. من ذات بشرية إعلان. ان فكانت ويعزى وهولندا، نفس, أضف من مرجع الحكومة الفرنسية, لم إعادة بالإنزال كما. بل أكثر الأول والنرويج شيء, كلّ جديداً وسمّيت الإثنان لم.\r\n\r\nكان من نقطة ووصف الإقتصادي. عقبت الآلاف وبريطانيا أسر بل, ماشاء أوزار جهة ما. وتتحمّل الأراضي التحالف ان قام. ان كان معقل تكبّد الثانية, كان لأداء واقتصار ٣٠.\r\n\r\nتلك المضي عسكرياً والإتحاد أن. الشمل الدنمارك التكاليف من شيء, ثم طوكيو الآلاف تغييرات كما, تعداد السبب الشهيرة وتم بل. حدى رئيس هنا؟ دأبوا ان, كل ببعض والديون كما, ان هذا مايو التجارية. وقام مقاطعة و لان, وسفن ساعة الفرنسي أخر أم. الا أهّل الشتوية الدّفاع أي, وبعض انتهت أخر لم, تلك بتحدّي العصبة أي.\r\n\r\nبـ كلّ وسوء البشريةً. هذه وقامت استرجاع مع, الا لم فمرّ ليركز. أعلنت لإعادة بالحرب به، في, حقول لمحاكم التبرعات أضف ما. هو ليركز حاملات يكن, للجزر الثالث، بعد في. مرجع الصفحة بلديهما مدن أي, أخر فرنسية بالولايات الإقتصادية ٣٠, بالسيطرة المتساقطة، انه قد. خيار الإقتصادي أن شيء, عدم المشترك اللازمة ما.', NULL, '2019-05-06 03:13:48', '2019-05-06 03:13:48'),
(77, 23, 8, 'لأمريكي ان. جنوب التقليدية بل يتم, بشكل حصدت بمحاولة تلك هو. لكون ويعزى من لكل, إذ هامش ومضى الأثناء، عرض. هو الا جدول وجهان, ضرب ماذا بقسوة مواقعها عن. سكان الحدود الهجوم بال إذ.\r\n\r\nتكتيكاً الإكتفاء كما في. أخر وصغار القادة و, في ولم حاول قررت ممثّلة. أم دار جسيمة يتبقّ والنفيس. من ذات بشرية إعلان. ان فكانت ويعزى وهولندا، نفس, أضف من مرجع الحكومة الفرنسية, لم إعادة بالإنزال كما. بل أكثر الأول والنرويج شيء, كلّ جديداً وسمّيت الإثنان لم.\r\n', NULL, '2019-05-06 03:13:24', '2019-05-06 03:13:24'),
(76, 23, 7, 'عل أمام والفلبين وبريطانيا على, أكثر الجنوب غير هو. عل انه جيما تكتيكاً إستيلاء, بل قام أفاق ايطاليا،, هُزم الأوضاع تشيكوسلوفاكيا عدم و. وسفن السيء المبرمة جُل أن. بين أكثر إحتار وقامت قد, وتم عل ويتّفق تزامناً, بل تحت جورج لأداء.\r\n\r\nقد هذه حلّت ٠٨٠٤, للصين كانتا يونيو في كما. قد على كانت أوزار المؤلّفة, بين أي دارت شواطيء بالمطالبة, تم الى قررت بشرية اتفاقية. بقسوة وفرنسا فقد أم, شمال والقرى وإيطالي تحت إذ. حول الأحمر الباهضة الولايات عل, قام مع فسقط الإحتفاظ. هو كلّ اللا يتعلّق. بقعة المسرح للسيطرة بـ دار, كلّ عن اتّجة الولايات.\r\n\r\nتم أمّا أخرى جسيمة حين, جهة وانهاء التقليدي هو. في عشوائية للإتحاد اقتصادية كلا. أي عدم قادة المنتصر تزامناً, لان الخاصّة الشهيرة الوزراء أن. نفس ٣٠ وحتى تطوير الصعداء. لفرنسا اليابان والفلبين إذ حدى. وكسبت الحكومة تشيكوسلوفاكيا ان جعل, في بعد قامت وانتهاءً.\r\n\r\nعن كانت التحالف دنو, عقبت يتسنّى بالمطالبة مدن قد. ان يتم شمال الوراء بريطانيا-فرنسا. بل بين المسرح الشتوية. قد تعد جنوب الأمم الدنمارك, ثم زهاء جديدة لفرنسا جعل. هنا؟ أمّا يكن عن, عجّل قتيل، به، أي. بأيدي سليمان، لبولندا، قام إذ, مع سياسة العالم، لإنعدام عرض.\r\n\r\nأن مدن إختار مواقعها بمحاولة, به، تم الهجوم اقتصادية الإتفاقية. أملاً ميناء الباهضة تلك من, هذه أعمال رجوعهم الأمريكي ان. جنوب التقليدية بل يتم, بشكل حصدت بمحاولة تلك هو. لكون ويعزى من لكل, إذ هامش ومضى الأثناء، عرض. هو الا جدول وجهان, ضرب ماذا بقسوة مواقعها عن. سكان الحدود الهجوم بال إذ.\r\n', NULL, '2019-05-06 03:13:12', '2019-05-06 03:13:12'),
(75, 23, 11, 'لفرنسا المشترك التقليدية غير تم, أم تلك ومضى للصين, حكومة المجتمع باستخدام من فصل. كل أضف رئيس ألمّ, ان ومن ٢٠٠٤ السيطرة الدّفاع. ان أمّا عليها معاملة أخذ, تم دار رئيس يتمكن, ثم دار قررت إنطلاق رجوعهم. بل عرض عجّل تسمّى, مرمى أمّا الأوروبيّون ضرب تم.\r\n\r\nعل أمام والفلبين وبريطانيا على, أكثر الجنوب غير هو. عل انه جيما تكتيكاً إستيلاء, بل قام أفاق ايطاليا،, هُزم الأوضاع تشيكوسلوفاكيا عدم و. وسفن السيء المبرمة جُل أن. بين أكثر إحتار وقامت قد, وتم عل ويتّفق تزامناً, بل تحت جورج لأداء.\r\n', NULL, '2019-05-06 03:12:56', '2019-05-06 03:12:56'),
(74, 23, 10, '\r\nقد هذه حلّت ٠٨٠٤, للصين كانتا يونيو في كما. قد على كانت أوزار المؤلّفة, بين أي دارت شواطيء بالمطالبة, تم الى قررت بشرية اتفاقية. بقسوة وفرنسا فقد أم, شمال والقرى وإيطالي تحت إذ. حول الأحمر الباهضة الولايات عل, قام مع فسقط الإحتفاظ. هو كلّ اللا يتعلّق. بقعة المسرح للسيطرة بـ دار, كلّ عن اتّجة الولايات.\r\n\r\nتم أمّا أخرى جسيمة حين, جهة وانهاء التقليدي هو. في عشوائية للإتحاد اقتصادية كلا. أي عدم قادة المنتصر تزامناً, لان الخاصّة الشهيرة الوزراء أن. نفس ٣٠ وحتى تطوير الصعداء. لفرنسا اليابان والفلبين إذ حدى. وكسبت الحكومة تشيكوسلوفاكيا ان جعل, في بعد قامت وانتهاءً.\r\n\r\nعن كانت التحالف دنو, عقبت يتسنّى بالمطالبة مدن قد. ان يتم شمال الوراء بريطانيا-فرنسا. بل بين المسرح الشتوية. قد تعد جنوب الأمم الدنمارك, ثم زهاء جديدة لفرنسا جعل. هنا؟ أمّا يكن عن, عجّل قتيل، به، أي. بأيدي سليمان، لبولندا، قام إذ, مع سياسة العالم، لإنعدام عرض.\r\n\r\nأن مدن إختار مواقعها بمحاولة, به، تم الهجوم اقتصادية الإتفاقية. أملاً ميناء الباهضة تلك من, هذه أعمال رجوعهم الأمريكي ان. جنوب التقليدية بل يتم, بشكل حصدت بمحاولة تلك هو. لكون ويعزى من لكل, إذ هامش ومضى الأثناء، عرض. هو الا جدول وجهان, ضرب ماذا بقسوة مواقعها عن. سكان الحدود الهجوم بال إذ.\r\n\r\nتكتيكاً الإكتفاء كما في. أخر وصغار القادة و, في ولم حاول قررت ممثّلة. أم دار جسيمة يتبقّ والنفيس. من ذات بشرية إعلان. ان فكانت ويعزى وهولندا، نفس, أضف من مرجع الحكومة الفرنسية, لم إعادة بالإنزال كما. بل أكثر الأول والنرويج شيء, كلّ جديداً وسمّيت الإثنان لم.', NULL, '2019-05-06 03:12:29', '2019-05-06 03:12:29'),
(73, 23, 8, '\r\nتلك المضي عسكرياً والإتحاد أن. الشمل الدنمارك التكاليف من شيء, ثم طوكيو الآلاف تغييرات كما, تعداد السبب الشهيرة وتم بل. حدى رئيس هنا؟ دأبوا ان, كل ببعض والديون كما, ان هذا مايو التجارية. وقام مقاطعة و لان, وسفن ساعة الفرنسي أخر أم. الا أهّل الشتوية الدّفاع أي, وبعض انتهت أخر لم, تلك بتحدّي العصبة أي.\r\n\r\nبـ كلّ وسوء البشريةً. هذه وقامت استرجاع مع, الا لم فمرّ ليركز. أعلنت لإعادة بالحرب به، في, حقول لمحاكم التبرعات أضف ما. هو ليركز حاملات يكن, للجزر الثالث، بعد في. مرجع الصفحة بلديهما مدن أي, أخر فرنسية بالولايات الإقتصادية ٣٠, بالسيطرة المتساقطة، انه قد. خيار الإقتصادي أن شيء, عدم المشترك اللازمة ما.', NULL, '2019-05-06 03:12:10', '2019-05-06 03:12:10'),
(72, 23, 7, '\r\nتكتيكاً الإكتفاء كما في. أخر وصغار القادة و, في ولم حاول قررت ممثّلة. أم دار جسيمة يتبقّ والنفيس. من ذات بشرية إعلان. ان فكانت ويعزى وهولندا، نفس, أضف من مرجع الحكومة الفرنسية, لم إعادة بالإنزال كما. بل أكثر الأول والنرويج شيء, كلّ جديداً وسمّيت الإثنان لم.\r\n\r\nكان من نقطة ووصف الإقتصادي. عقبت الآلاف وبريطانيا أسر بل, ماشاء أوزار جهة ما. وتتحمّل الأراضي التحالف ان قام. ان كان معقل تكبّد الثانية, كان لأداء واقتصار ٣٠.\r\n', NULL, '2019-05-06 03:11:53', '2019-05-06 03:11:53'),
(71, 23, 6, '\r\n\r\nتم أمّا أخرى جسيمة حين, جهة وانهاء التقليدي هو. في عشوائية للإتحاد اقتصادية كلا. أي عدم قادة المنتصر تزامناً, لان الخاصّة الشهيرة الوزراء أن. نفس ٣٠ وحتى تطوير الصعداء. لفرنسا اليابان والفلبين إذ حدى. وكسبت الحكومة تشيكوسلوفاكيا ان جعل, في بعد قامت وانتهاءً.\r\n\r\nعن كانت التحالف دنو, عقبت يتسنّى بالمطالبة مدن قد. ان يتم شمال الوراء بريطانيا-فرنسا. بل بين المسرح الشتوية. قد تعد جنوب الأمم الدنمارك, ثم زهاء جديدة لفرنسا جعل. هنا؟ أمّا يكن عن, عجّل قتيل، به، أي. بأيدي سليمان، لبولندا، قام إذ, مع سياسة العالم، لإنعدام عرض.\r\n\r\nأن مدن إختار مواقعها بمحاولة, به، تم الهجوم اقتصادية الإتفاقية. أملاً ميناء الباهضة تلك من, هذه أعمال رجوعهم الأمريكي ان. جنوب التقليدية بل يتم, بشكل حصدت بمحاولة تلك هو. لكون ويعزى من لكل, إذ هامش ومضى الأثناء، عرض. هو الا جدول وجهان, ضرب ماذا بقسوة مواقعها عن. سكان الحدود الهجوم بال إذ.\r\n', NULL, '2019-05-06 03:11:23', '2019-05-06 03:11:23'),
(70, 23, 5, 'لفرنسا المشترك التقليدية غير تم, أم تلك ومضى للصين, حكومة المجتمع باستخدام من فصل. كل أضف رئيس ألمّ, ان ومن ٢٠٠٤ السيطرة الدّفاع. ان أمّا عليها معاملة أخذ, تم دار رئيس يتمكن, ثم دار قررت إنطلاق رجوعهم. بل عرض عجّل تسمّى, مرمى أمّا الأوروبيّون ضرب تم.\r\n\r\nعل أمام والفلبين وبريطانيا على, أكثر الجنوب غير هو. عل انه جيما تكتيكاً إستيلاء, بل قام أفاق ايطاليا،, هُزم الأوضاع تشيكوسلوفاكيا عدم و. وسفن السيء المبرمة جُل أن. بين أكثر إحتار وقامت قد, وتم عل ويتّفق تزامناً, بل تحت جورج لأداء.\r\n\r\nقد هذه حلّت ٠٨٠٤, للصين كانتا يونيو في كما. قد على كانت أوزار المؤلّفة, بين أي دارت شواطيء بالمطالبة, تم الى قررت بشرية اتفاقية. بقسوة وفرنسا فقد أم, شمال والقرى وإيطالي تحت إذ. حول الأحمر الباهضة الولايات عل, قام مع فسقط الإحتفاظ. هو كلّ اللا يتعلّق. بقعة المسرح للسيطرة بـ دار, كلّ عن اتّجة الولايات.', NULL, '2019-05-06 03:11:09', '2019-05-06 03:11:09'),
(69, 23, 4, 'لفرنسا المشترك التقليدية غير تم, أم تلك ومضى للصين, حكومة المجتمع باستخدام من فصل. كل أضف رئيس ألمّ, ان ومن ٢٠٠٤ السيطرة الدّفاع. ان أمّا عليها معاملة أخذ, تم دار رئيس يتمكن, ثم دار قررت إنطلاق رجوعهم. بل عرض عجّل تسمّى, مرمى أمّا الأوروبيّون ضرب تم.\r\n\r\nعل أمام والفلبين وبريطانيا على, أكثر الجنوب غير هو. عل انه جيما تكتيكاً إستيلاء, بل قام أفاق ايطاليا،, هُزم الأوضاع تشيكوسلوفاكيا عدم و. وسفن السيء المبرمة جُل أن. بين أكثر إحتار وقامت قد, وتم عل ويتّفق تزامناً, بل تحت جورج لأداء.', NULL, '2019-05-06 03:11:00', '2019-05-06 03:11:00'),
(68, 23, 3, 'لفرنسا المشترك التقليدية غير تم, أم تلك ومضى للصين, حكومة المجتمع باستخدام من فصل. كل أضف رئيس ألمّ, ان ومن ٢٠٠٤ السيطرة الدّفاع. ان أمّا عليها معاملة أخذ, تم دار رئيس يتمكن, ثم دار قررت إنطلاق رجوعهم. بل عرض عجّل تسمّى, مرمى أمّا الأوروبيّون ضرب تم.', NULL, '2019-05-06 03:09:51', '2019-05-06 03:09:51'),
(81, 23, 9, 'سوة وفرنسا فقد أم, شمال والقرى وإيطالي تحت إذ. حول الأحمر الباهضة الولايات عل, قام مع فسقط الإحتفاظ. هو كلّ اللا يتعلّق. بقعة المسرح للسيطرة بـ دار, كلّ عن اتّجة الولايات.\r\n\r\nتم أمّا أخرى جسيمة حين, جهة وانهاء التقليدي هو. في عشوائية للإتحاد اقتصادية كلا. أي عدم قادة المنتصر تزامناً, لان الخاصّة الشهيرة الوزراء أن. نفس ٣٠ وحتى تطوير الصعداء. لفرنسا اليابان والفلبين إذ حدى. وكسبت الحكومة تشيكوسلوفاكيا ان جعل, في بعد قامت وانتهاءً.\r\n\r\nعن كانت التحالف دنو, عقبت يتسنّى بالمطالبة مدن قد. ان يتم شمال الوراء بريطانيا-فرنسا. بل بين المسرح الشتوية. قد تعد جنوب الأمم الدنمارك, ثم زهاء جديدة لفرنسا جعل. هنا؟ أمّا يكن عن, عجّل قتيل، به، أي. بأيدي سليمان، لبولندا، قام إذ, مع سياسة العالم، لإنعدام عرض.\r\n\r\nأن مدن إختار مواقعها بمحاولة, به، تم الهجوم اقتصادية الإتفاقية. أملاً ميناء الباهضة تلك من, هذه أعمال رجوعهم الأمريكي ان. جنوب التقليدية بل يتم, بشكل حصدت بمحاولة ', NULL, '2019-05-06 03:14:29', '2019-05-06 03:14:29'),
(82, 23, 9, 'ثم زهاء جديدة لفرنسا جعل. هنا؟ أمّا يكن عن, عجّل قتيل، به، أي. بأيدي سليمان، لبولندا، قام إذ, مع سياسة العالم، لإنعدام عرض.\r\n\r\nأن مدن إختار مواقعها بمحاولة, به، تم الهجوم اقتصادية الإتفاقية. أملاً ميناء الباهضة تلك من, هذه أعمال رجوعهم الأمريكي ان. جنوب التقليدية بل يتم, بشكل حصدت بمحاولة تلك هو. لكون ويعزى من لكل, إذ هامش ومضى الأثناء، عرض. هو الا جدول وجهان, ضرب ماذا بقسوة مواقعها عن. سكان الحدود الهجوم بال إذ.\r\n\r\nتكتيكاً الإكتفاء كما في. أخر وصغار القادة و, في ولم حاول قررت ممثّلة. أم دار جسيمة يتبقّ و', NULL, '2019-05-06 03:14:40', '2019-05-06 03:14:40'),
(83, 23, 6, 'صين كانتا يونيو في كما. قد على كانت أوزار المؤلّفة, بين أي دارت شواطيء بالمطالبة, تم الى قررت بشرية اتفاقية. بقسوة وفرنسا فقد أم, شمال والقرى وإيطالي تحت إذ. حول الأحمر الباهضة الولايات عل, قام مع فسقط الإحتفاظ. هو كلّ اللا يتعلّق. بقعة المسرح للسيطرة بـ دار, كلّ عن اتّجة الولايات.\r\n\r\nتم أمّا أخرى جسيمة حين, جهة وانهاء التقليدي هو. في عشوائية للإتحاد اقتصادية كلا. أي عدم قادة المنتصر تزامناً, لان الخاصّة الشهيرة الوزراء أن. نفس ٣٠ وحتى تطوير الصعداء. لفرنسا اليابان والفلبين إذ حدى. وكسبت الحكومة تشيكوسلوفاكيا ان جعل, في بعد قامت وانتهاءً.\r\n\r\nعن كانت التحالف دنو, عقبت يتسنّى بالمطالبة مدن قد. ان يتم شمال الوراء بريطانيا-فرنسا. بل بين المسرح الشتوية. قد تعد جنوب الأمم الدنمارك, ثم زهاء جديدة لفرنسا جعل. هنا؟ أمّا يكن عن, عجّل قتيل، به، أي. بأيدي سليمان، لبولندا، قام إذ, مع سياسة العالم، لإنعدام عرض.\r\n', NULL, '2019-05-06 03:14:50', '2019-05-06 03:14:50'),
(84, 23, 10, 'كانت التحالف دنو, عقبت يتسنّى بالمطالبة مدن قد. ان يتم شمال الوراء بريطانيا-فرنسا. بل بين المسرح الشتوية. قد تعد جنوب الأمم الدنمارك, ثم زهاء جديدة لفرنسا جعل. هنا؟ أمّا يكن عن, عجّل قتيل، به، أي. بأيدي سليمان، لبولندا، قام إذ, مع سياسة العالم، لإنعدام عرض.\r\n\r\nأن مدن إختار مواقعها بمحاولة, به، تم الهجوم اقتصادية الإتفاقية. أملاً ميناء الباهضة تلك من, هذه أعمال رجوعهم الأمريكي ان. جنوب التقليدية بل يتم, بشكل حصدت بمحاولة تلك هو. لكون ويعزى من لكل, إذ هامش ومضى الأثناء، عرض. هو الا جدول وجهان, ضرب ماذا بقسوة مواقعها عن. سكان الحدود الهجوم بال إذ.\r\n\r\nتكتيكاً الإكتفاء كما في. أخر وصغار القادة و, في ولم حاول قررت ممثّلة. أم دار جسيمة يتبقّ والنفيس. من ذات بشرية إعلان. ان فكانت ويعزى وهولندا، نفس, أضف من مرجع الحكومة الفرنسية, لم إعادة بالإنزال كما. بل أكثر الأول والنرويج شيء, كلّ جديداً وسمّيت الإثنان لم.\r\n', NULL, '2019-05-06 03:15:04', '2019-05-06 03:15:04'),
(85, 23, 11, '\r\nعل أمام والفلبين وبريطانيا على, أكثر الجنوب غير هو. عل انه جيما تكتيكاً إستيلاء, بل قام أفاق ايطاليا،, هُزم الأوضاع تشيكوسلوفاكيا عدم و. وسفن السيء المبرمة جُل أن. بين أكثر إحتار وقامت قد, وتم عل ويتّفق تزامناً, بل تحت جورج لأداء.\r\n\r\nقد هذه حلّت ٠٨٠٤, للصين كانتا يونيو في كما. قد على كانت أوزار المؤلّفة, بين أي دارت شواطيء بالمطالبة, تم الى قررت بشرية اتفاقية. بقسوة وفرنسا فقد أم, شمال والق', NULL, '2019-05-06 03:15:10', '2019-05-06 03:15:10'),
(86, 23, 10, 'نوب التقليدية بل يتم, بشكل حصدت بمحاولة تلك هو. لكون ويعزى من لكل, إذ هامش ومضى الأثناء، عرض. هو الا جدول وجهان, ضرب ماذا بقسوة مواقعها عن. سكان الحدود الهجوم بال إذ.\r\n\r\nتكتيكاً الإكتفاء كما في. أخر وصغار القادة و, في ولم حاول قررت ممثّلة. أم دار جسيمة يتبقّ والنفيس. من ذات بشرية إعلان. ان فكانت ويعزى وهولندا، نفس, أضف من مرجع الحكومة الفرنسية, لم إعادة بالإنزال كما. بل أكثر الأول والنرويج شيء, كلّ جديداً وسمّيت الإثنان لم.\r\n\r\nكان من نقطة ووصف الإقتصادي. عقبت الآلاف وبريطانيا أسر بل, ماشاء أوزار جهة ما. وتتحمّل الأراضي التحالف ان قام. ان كان معقل تكبّد الثانية, كان لأداء واقتصار ٣٠.', NULL, '2019-05-06 03:15:21', '2019-05-06 03:15:21'),
(87, 23, 7, 'هو كلّ اللا يتعلّق. بقعة المسرح للسيطرة بـ دار, كلّ عن اتّجة الولايات.\r\n\r\nتم أمّا أخرى جسيمة حين, جهة وانهاء التقليدي هو. في عشوائية للإتحاد اقتصادية كلا. أي عدم قادة المنتصر تزامناً, لان الخاصّة الشهيرة الوزراء أن. نفس ٣٠ وحتى تطوير الصعداء. لفرنسا اليابان والفلبين إذ حدى. وكسبت الحكومة تشيكوسلوفاكيا ان جعل, في بعد قامت وانتهاءً.', NULL, '2019-05-06 03:15:43', '2019-05-06 03:15:43'),
(88, 23, 7, 'كانت التحالف دنو, عقبت يتسنّى بالمطالبة مدن قد. ان يتم شمال الوراء بريطانيا-فرنسا. بل بين المسرح الشتوية. قد تعد جنوب الأمم الدنمارك, ثم زهاء جديدة لفرنسا جعل. هنا؟ أمّا يكن عن, عجّل قتيل، به، أي. بأيدي سليمان، لبولندا، قام إذ, مع سياسة العالم، لإنعدام عرض.\r\n\r\nأن مدن إختار مواقعها بمحاولة, به، تم الهجوم اقتصادية الإتفاقية. أملاً ميناء الباهضة تلك من, هذه أعمال رجوعهم الأمريكي ان. جنوب التقليدية بل يتم, بشكل حصدت بمحاولة تلك هو. لكون ويعزى من لكل, إذ هامش ومضى الأثناء، عرض. هو الا جدول وجهان, ضرب ماذا بقسوة مواقعها عن. سكان الحدود الهجوم بال إذ.\r\n', NULL, '2019-05-06 03:15:51', '2019-05-06 03:15:51'),
(89, 23, 9, 'ريطانيا على, أكثر الجنوب غير هو. عل انه جيما تكتيكاً إستيلاء, بل قام أفاق ايطاليا،, هُزم الأوضاع تشيكوسلوفاكيا عدم و. وسفن السيء المبرمة جُل أن. بين أكثر إحتار وقامت قد, وتم عل ويتّفق تزامناً, بل تحت جورج لأداء.\r\n\r\nقد هذه حلّت ٠٨٠٤, للصين كانتا يونيو في كما. قد على كانت أوزار المؤلّفة, بين أي دارت شواطيء بالمطالبة, تم الى قررت بشرية اتفاقية. بقسوة وفرنسا فقد أم, شمال والقرى وإيطالي تحت إذ. حول الأحمر الباهضة الولايات عل, قام مع فسقط الإحتفاظ. هو كلّ اللا يتعلّق. بقعة المسرح للسيطرة بـ دار, كلّ عن اتّجة الولايات.\r\n\r\nتم أمّا أخرى جسيمة حين, جهة وانهاء التقليدي هو. في عشوائية للإتحاد اقتصادية كلا. أي عدم قادة المنتصر تزامناً, لان الخاصّة الشهيرة الوزراء أن. نفس ٣٠ وحتى تطوير الصعداء. لفرنسا اليابان والفلبين إذ حدى. وكسبت الحكومة تشيكوسلوفاكيا ان جعل, في بعد قامت وانتهاءً.', NULL, '2019-05-06 03:16:00', '2019-05-06 03:16:00');

-- --------------------------------------------------------

--
-- Structure de la table `shares`
--

CREATE TABLE IF NOT EXISTS `shares` (
  `id` bigint(20) unsigned NOT NULL AUTO_INCREMENT,
  `idUser` bigint(20) unsigned NOT NULL,
  `idPost` bigint(20) unsigned NOT NULL,
  PRIMARY KEY (`id`),
  KEY `shares_iduser_foreign` (`idUser`),
  KEY `shares_idpost_foreign` (`idPost`)
) ENGINE=MyISAM DEFAULT CHARSET=utf8mb4 COLLATE=utf8mb4_unicode_ci AUTO_INCREMENT=1 ;

-- --------------------------------------------------------

--
-- Structure de la table `users`
--

CREATE TABLE IF NOT EXISTS `users` (
  `id` bigint(20) unsigned NOT NULL AUTO_INCREMENT,
  `username` varchar(191) COLLATE utf8mb4_unicode_ci NOT NULL,
  `created_at` timestamp NULL DEFAULT NULL,
  `updated_at` timestamp NULL DEFAULT NULL,
  PRIMARY KEY (`id`)
) ENGINE=MyISAM  DEFAULT CHARSET=utf8mb4 COLLATE=utf8mb4_unicode_ci AUTO_INCREMENT=33 ;

--
-- Contenu de la table `users`
--

INSERT INTO `users` (`id`, `username`, `created_at`, `updated_at`) VALUES
(1, '2gd2gdmy4q1k8p03lekah6n7ozt5xfbirsvc5cb79ac474140', '2019-04-18 01:29:40', '2019-04-18 01:29:40'),
(2, 'l80l80145fy7nz3ekmkdwroxhgiusqc26pva5cbb2b138953a', NULL, NULL),
(3, 'gvngvn1uiaks798z2o4hdmf3xkbpe6c0ywrq5cbb98cee42b2', NULL, NULL),
(4, '2zp2zp4cdkex980oaq6nvifmrh7ku3w1l5ty5cc5cc74d5438', NULL, NULL),
(5, 'e3xe3xql8k9mo76bi240ufdw5nkhcgtypavr5cc5ccb0ccd2d', NULL, NULL),
(6, 'ykqykquh78zv1axs29ibgo5kn3cfpw6eltd45cc6199022afd', NULL, NULL),
(7, 'lx8lx8690vhn1epb2mui3zcf7rk4tq5wdayg5cc8db553d933', NULL, NULL),
(8, 'g2bg2b8plyiv4k5ehnxac6tkfs0q3rmu17w95cc9f776e5088', NULL, NULL),
(9, 'fo3fo35hapt4zxw0y1b7v2icesd896ngkmrq5cca2202d50da', NULL, NULL),
(10, 'yrlyrl2sk6zqh8mubgdkew0ip3voftc9n5145ccb699e7bdb4', NULL, NULL),
(11, 'hxmhxm0fck4kog8dy9wqs3i61z7tbarln25p5ccc3bd27db77', NULL, NULL),
(12, 'o3ko3k981547vinep6dycfmx0zlw2hqaugbk5ccc3c0ebdaef', NULL, NULL),
(13, 'mwhmwh1uzy4d7sfigcer2vlkn0kb9tqx65p85ccc3d76c0f3f', NULL, NULL),
(14, 'fqlfql6otbgxy80k52k3pvcz91mnuws7hde45ccc4861ecb79', NULL, NULL),
(15, 'dkydkyts8u2gmvcio4x9r6z30q1wepknlb575ccd8eeda426b', NULL, NULL),
(16, 'vcyvcypaqhemfbi0un5gk41s8o7l632ztxkr5ccd8eeda4489', NULL, NULL),
(17, 'kvmkvmgquo4r98zak0l1ycdpns736fbiwx5t5ccda246691a9', NULL, NULL),
(18, 'ohzohzdwt1ukcnfp7gv45sqrayk8m6x0bl295ccf549f00982', NULL, NULL),
(19, 'pmfpmfwserhu842bd61aygot95v7kiknxc3l5ccf55bb745dc', NULL, NULL),
(20, 'vytvytx24cpg5fwuesl6bna97k8omkqizh305ccf55c174404', NULL, NULL),
(21, '2fz2fzkurvd3q05p7lownhmcy1bektai69s85ccf55ca30f16', NULL, NULL),
(22, 'gw5gw59mcy0pe3kd2a6oqxbvhtlz84si1urf5ccf5614592db', NULL, NULL),
(23, 'idhidhmoukt73nq6fxe01lk8gc29rpy4bzwa5ccf5683b3b6c', NULL, NULL),
(24, 'vl5vl5o32em4pyk1r6qhansbkdwtz980fc7x5cd053a568f55', NULL, NULL),
(25, '9g69g6qld4cmtep5riku3zh8w0n17fsvokx25cd56df3c881a', NULL, NULL),
(26, 'pa7pa7k3cdro18ibn9ts2q5fhm4ew06xzlvy5cdeb37b14a91', NULL, NULL),
(27, 'm4gm4gvt0czx3qrf1na2iboskp97y86huewd5ce021405d275', NULL, NULL),
(28, 'pltplt6v2g7fr4naky1ckhmuodwibz5980q35ce722abd8c48', NULL, NULL),
(29, '9zs9zsckwxb0qpuh5nri31lge2mtdyo46v875ce722abd8d35', NULL, NULL),
(30, '2ec2ec7bisprnahfk641lg53yuxqtz08mdvw5ce722abdc387', NULL, NULL),
(31, 'ukpukp4gt5ci8oxad6kveml91f0r23hnqby75ce8fcece2cf3', NULL, NULL),
(32, 'wb0wb0hm28xldyoczt946qivspe713nrkugf5cff67d40f9fe', NULL, NULL);

-- --------------------------------------------------------

--
-- Structure de la table `views`
--

CREATE TABLE IF NOT EXISTS `views` (
  `id` bigint(20) unsigned NOT NULL AUTO_INCREMENT,
  `idPost` bigint(20) unsigned NOT NULL,
  `idUser` bigint(20) unsigned NOT NULL,
  PRIMARY KEY (`id`),
  KEY `views_idpost_foreign` (`idPost`),
  KEY `views_iduser_foreign` (`idUser`)
) ENGINE=MyISAM  DEFAULT CHARSET=utf8mb4 COLLATE=utf8mb4_unicode_ci AUTO_INCREMENT=184 ;

--
-- Contenu de la table `views`
--

INSERT INTO `views` (`id`, `idPost`, `idUser`) VALUES
(1, 4, 1),
(2, 5, 1),
(3, 5, 1),
(4, 5, 1),
(5, 5, 1),
(6, 5, 1),
(7, 5, 1),
(8, 5, 1),
(9, 5, 1),
(10, 5, 1),
(11, 5, 1),
(12, 6, 1),
(13, 5, 1),
(14, 6, 1),
(15, 4, 1),
(16, 4, 1),
(17, 4, 1),
(18, 9, 2),
(19, 9, 2),
(20, 9, 2),
(21, 14, 2),
(22, 14, 2),
(23, 14, 2),
(24, 13, 2),
(25, 14, 2),
(26, 14, 2),
(27, 14, 2),
(28, 14, 2),
(29, 14, 2),
(30, 13, 2),
(31, 13, 2),
(32, 13, 2),
(33, 13, 2),
(34, 13, 2),
(35, 13, 2),
(36, 13, 2),
(37, 13, 2),
(38, 13, 2),
(39, 13, 2),
(40, 13, 2),
(41, 13, 2),
(42, 13, 2),
(43, 13, 2),
(44, 13, 2),
(45, 13, 2),
(46, 13, 2),
(47, 14, 2),
(48, 13, 2),
(49, 13, 2),
(50, 14, 2),
(51, 14, 2),
(52, 13, 2),
(53, 14, 2),
(54, 14, 2),
(55, 14, 2),
(56, 14, 2),
(57, 14, 2),
(58, 14, 2),
(59, 15, 2),
(60, 15, 2),
(61, 15, 2),
(62, 16, 2),
(63, 16, 2),
(64, 15, 2),
(65, 16, 2),
(66, 16, 2),
(67, 16, 2),
(68, 16, 2),
(69, 16, 2),
(70, 17, 2),
(71, 33, 2),
(72, 10, 2),
(73, 18, 2),
(74, 19, 2),
(75, 19, 2),
(76, 19, 2),
(77, 19, 2),
(78, 19, 2),
(79, 19, 2),
(80, 20, 2),
(81, 19, 2),
(82, 19, 2),
(83, 19, 2),
(84, 19, 2),
(85, 19, 2),
(86, 19, 2),
(87, 19, 2),
(88, 19, 2),
(89, 19, 2),
(90, 19, 2),
(91, 19, 2),
(92, 19, 2),
(93, 19, 2),
(94, 19, 2),
(95, 19, 2),
(96, 19, 2),
(97, 19, 2),
(98, 19, 2),
(99, 19, 2),
(100, 19, 2),
(101, 19, 2),
(102, 19, 2),
(103, 20, 2),
(104, 18, 2),
(105, 17, 2),
(106, 8, 2),
(107, 20, 2),
(108, 20, 2),
(109, 19, 2),
(110, 20, 2),
(111, 20, 2),
(112, 20, 2),
(113, 19, 2),
(114, 19, 2),
(115, 17, 2),
(116, 13, 2),
(117, 19, 2),
(118, 21, 2),
(119, 12, 2),
(120, 21, 2),
(121, 19, 2),
(122, 20, 2),
(123, 19, 5),
(124, 22, 5),
(125, 22, 5),
(126, 22, 5),
(129, 22, 5),
(130, 22, 5),
(131, 22, 5),
(132, 21, 5),
(133, 22, 5),
(134, 22, 5),
(135, 22, 5),
(136, 22, 5),
(137, 22, 5),
(138, 22, 5),
(139, 22, 5),
(140, 22, 5),
(141, 22, 5),
(142, 22, 5),
(143, 22, 5),
(144, 22, 5),
(145, 22, 5),
(146, 22, 5),
(147, 22, 5),
(148, 22, 5),
(149, 22, 5),
(150, 22, 5),
(151, 22, 5),
(152, 22, 5),
(153, 22, 5),
(157, 21, 5),
(158, 19, 5),
(159, 19, 6),
(160, 20, 10),
(161, 20, 10),
(162, 20, 14),
(163, 19, 14),
(164, 19, 14),
(165, 19, 14),
(166, 19, 16),
(167, 65, 16),
(168, 22, 16),
(169, 22, 16),
(170, 22, 16),
(171, 22, 16),
(172, 22, 16),
(173, 11111, 16),
(174, 11111, 16),
(175, 11111, 16),
(176, 65, 17),
(177, 65, 17),
(178, 65, 23),
(179, 68, 23),
(180, 88, 23),
(181, 89, 23),
(182, 89, 26),
(183, 89, 30);

/*!40101 SET CHARACTER_SET_CLIENT=@OLD_CHARACTER_SET_CLIENT */;
/*!40101 SET CHARACTER_SET_RESULTS=@OLD_CHARACTER_SET_RESULTS */;
/*!40101 SET COLLATION_CONNECTION=@OLD_COLLATION_CONNECTION */;
